package_name,repeated_characters,omitted_characters,swapped_characters,swapped_words,common_typos,version_numbers,,,,
flexx,flex,n/a,n/a,n/a,n/a,n/a,,,,count
piglet,n/a,n/a,n/a,n/a,pyglet,n/a,,,repeated chars,40
shhh,sh,n/a,n/a,n/a,n/a,n/a,,,omitted chars,412
fet,n/a,n/a,n/a,n/a,get,n/a,,,swapped chars,63
molecules,n/a,molecule,n/a,n/a,n/a,n/a,,,swapped words,77
exos,n/a,n/a,n/a,n/a,ecos,n/a,,,common typos,533
cash,n/a,n/a,n/a,n/a,dash,n/a,,,version numbers,116
sparse,n/a,n/a,n/a,n/a,dparse,n/a,,,,1241
he,n/a,n/a,n/a,n/a,h3,n/a,,,,
flask-api-spec,n/a,flask-apispec,n/a,n/a,flask-apispec,n/a,,,,
Paved,n/a,n/a,n/a,n/a,Paver,n/a,,,,
spath,n/a,n/a,n/a,n/a,dpath,n/a,,,,
fcrypto,n/a,crypto,n/a,n/a,n/a,n/a,,,,
ppvt,n/a,n/a,n/a,n/a,ppft,n/a,,,,
pi,n/a,n/a,n/a,n/a,py,n/a,,,,
pygma,n/a,n/a,pygam,n/a,n/a,n/a,,,,
pyfakers,n/a,n/a,n/a,n/a,pyfakefs,n/a,,,,
ansilbe,n/a,n/a,ansible,n/a,n/a,n/a,,,,
pyzt,n/a,n/a,pytz,n/a,n/a,n/a,,,,
allabaster,alabaster,alabaster,n/a,n/a,n/a,n/a,,,,
pysctp,n/a,n/a,n/a,n/a,pysftp,n/a,,,,
dasi,n/a,n/a,n/a,n/a,dask,n/a,,,,
node,n/a,n/a,n/a,n/a,nose,n/a,,,,
xml2json,n/a,xmljson,n/a,n/a,n/a,n/a,,,,
temporal,n/a,tempora,n/a,n/a,n/a,n/a,,,,
parma,n/a,n/a,param,n/a,n/a,n/a,,,,
jet,n/a,n/a,n/a,n/a,jwt,n/a,,,,
pyy,py,n/a,n/a,n/a,n/a,n/a,,,,
kyaml,n/a,n/a,n/a,n/a,oyaml,n/a,,,,
piptools,n/a,iptools,n/a,n/a,n/a,n/a,,,,
py2,n/a,n/a,n/a,n/a,n/a,py,,,,
pyppeteer2,n/a,pyppeteer,n/a,n/a,n/a,pyppeteer,,,,
flom,n/a,n/a,n/a,n/a,glom,n/a,,,,
chevrons,n/a,chevron,n/a,n/a,n/a,n/a,,,,
wsgiref,n/a,n/a,n/a,n/a,asgiref,n/a,,,,
Pyrebase4,n/a,Pyrebase,n/a,n/a,n/a,Pyrebase,,,,
django-ratelimit2,n/a,django-ratelimit,n/a,n/a,n/a,django-ratelimit,,,,
imgutils,n/a,imutils,n/a,n/a,n/a,n/a,,,,
auto-semver,n/a,autosemver,n/a,autosemver,autosemver,n/a,,,,
tweepi,n/a,n/a,n/a,n/a,tweepy,n/a,,,,
rw,n/a,n/a,n/a,n/a,rq,n/a,,,,
midentify,n/a,identify,n/a,n/a,n/a,n/a,,,,
oolib,n/a,n/a,n/a,n/a,polib,n/a,,,,
nose2-cov,n/a,nose-cov,n/a,n/a,n/a,n/a,,,,
Flask-Bootstrap4,n/a,Flask-Bootstrap,n/a,n/a,n/a,Flask-Bootstrap,,,,
jenkins2api,n/a,jenkinsapi,n/a,n/a,n/a,n/a,,,,
zcs,n/a,n/a,n/a,n/a,scs,n/a,,,,
svp,n/a,n/a,n/a,n/a,scp,n/a,,,,
h1,n/a,n/a,n/a,n/a,h2,n/a,,,,
colorex,n/a,n/a,n/a,n/a,colored,n/a,,,,
trequests,n/a,requests,n/a,n/a,grequests,n/a,,,,
snap,n/a,n/a,n/a,n/a,shap,n/a,,,,
aws-encrpytion-sdk-cli,n/a,n/a,aws-encryption-sdk-cli,n/a,n/a,n/a,,,,
jpprint,n/a,pprint,n/a,n/a,n/a,n/a,,,,
utils2,n/a,n/a,n/a,n/a,n/a,utils,,,,
amap,n/a,n/a,n/a,n/a,amqp,n/a,,,,
tlp,n/a,n/a,n/a,n/a,rlp,n/a,,,,
gsat,n/a,n/a,gast,n/a,n/a,n/a,,,,
glim,n/a,n/a,n/a,n/a,glom,n/a,,,,
json_schema,n/a,jsonschema,n/a,jsonschema,jsonschema,n/a,,,,
apyclient,n/a,n/a,n/a,n/a,apiclient,n/a,,,,
msd,n/a,n/a,n/a,n/a,mss,n/a,,,,
ddlib,dlib,n/a,n/a,n/a,n/a,n/a,,,,
like,n/a,n/a,n/a,n/a,lime,n/a,,,,
pathtools3,n/a,pathtools,n/a,n/a,n/a,pathtools,,,,
PyDrive3,n/a,PyDrive,n/a,n/a,n/a,PyDrive,,,,
aio.http,n/a,aiohttp,n/a,aiohttp,aiohttp,n/a,,,,
initify,n/a,n/a,n/a,n/a,inotify,n/a,,,,
Pyrebase3,n/a,Pyrebase,n/a,n/a,n/a,Pyrebase,,,,
json-flatten,n/a,n/a,n/a,flatten-json,n/a,n/a,,,,
edit-distance,n/a,editdistance,n/a,editdistance,editdistance,n/a,,,,
pio,n/a,n/a,n/a,n/a,pip,n/a,,,,
PyReact,n/a,PyRect,n/a,n/a,n/a,n/a,,,,
django-json-field,n/a,django-jsonfield,n/a,n/a,django-jsonfield,n/a,,,,
proc,n/a,n/a,n/a,n/a,prov,n/a,,,,
invoker,n/a,invoke,n/a,n/a,n/a,n/a,,,,
pysim,n/a,n/a,pysmi,n/a,n/a,n/a,,,,
yrequests,n/a,requests,n/a,n/a,n/a,n/a,,,,
pdm,n/a,n/a,n/a,n/a,pem,n/a,,,,
climt,n/a,n/a,n/a,n/a,clint,n/a,,,,
pyxdh,n/a,n/a,n/a,n/a,pyxdg,n/a,,,,
Yinotify,n/a,inotify,n/a,n/a,n/a,n/a,,,,
zh,n/a,n/a,n/a,n/a,sh,n/a,,,,
sklearn2,n/a,sklearn,n/a,n/a,n/a,sklearn,,,,
marshmallow2,n/a,marshmallow,n/a,n/a,n/a,marshmallow,,,,
ndocker,n/a,docker,n/a,n/a,n/a,n/a,,,,
CouchDB2,n/a,CouchDB,n/a,n/a,n/a,CouchDB,,,,
mysql-client,n/a,mysqlclient,n/a,mysqlclient,mysqlclient,n/a,,,,
cirq,n/a,n/a,n/a,n/a,dirq,n/a,,,,
tle,n/a,n/a,n/a,n/a,tld,n/a,,,,
pefile2,n/a,pefile,n/a,n/a,n/a,pefile,,,,
pvdb,n/a,n/a,n/a,n/a,pudb,n/a,,,,
mltk,n/a,n/a,n/a,n/a,nltk,n/a,,,,
pyexpect,n/a,pexpect,n/a,n/a,n/a,n/a,,,,
ffire,fire,n/a,n/a,n/a,n/a,n/a,,,,
lib-path,n/a,n/a,n/a,pathlib,n/a,n/a,,,,
publicsuffix2,n/a,publicsuffix,n/a,n/a,n/a,publicsuffix,,,,
circlecli,n/a,circleci,n/a,n/a,n/a,n/a,,,,
pushed,n/a,n/a,n/a,n/a,pusher,n/a,,,,
aegs,n/a,n/a,n/a,n/a,args,n/a,,,,
cryptop,n/a,crypto,n/a,n/a,n/a,n/a,,,,
attrd,n/a,n/a,n/a,n/a,attrs,n/a,,,,
xled,n/a,n/a,n/a,n/a,xlrd,n/a,,,,
django-filters,n/a,django-filter,n/a,n/a,n/a,n/a,,,,
oauth2p,n/a,oauth2,n/a,n/a,n/a,n/a,,,,
pyee2,n/a,n/a,n/a,n/a,n/a,pyee,,,,
ropee,rope,n/a,n/a,n/a,n/a,n/a,,,,
urequests,n/a,requests,n/a,n/a,n/a,n/a,,,,
scw,n/a,n/a,n/a,n/a,scs,n/a,,,,
api-client,n/a,apiclient,n/a,apiclient,apiclient,n/a,,,,
expiring-dict,n/a,expiringdict,n/a,expiringdict,expiringdict,n/a,,,,
kinjector,n/a,injector,n/a,n/a,n/a,n/a,,,,
zeroconf3,n/a,zeroconf,n/a,n/a,n/a,zeroconf,,,,
yaro,n/a,n/a,n/a,n/a,yarl,n/a,,,,
oauth2.3,n/a,n/a,n/a,n/a,n/a,oauth2,,,,
pypx,n/a,n/a,n/a,n/a,pypd,n/a,,,,
dokcer,n/a,n/a,docker,n/a,n/a,n/a,,,,
sn,n/a,n/a,n/a,n/a,sh,n/a,,,,
shh,sh,n/a,n/a,n/a,n/a,n/a,,,,
toronado,n/a,tornado,n/a,n/a,n/a,n/a,,,,
gcredstash,n/a,credstash,n/a,n/a,n/a,n/a,,,,
cMarkdown,n/a,Markdown,n/a,n/a,n/a,n/a,,,,
pypc,n/a,n/a,n/a,n/a,pypd,n/a,,,,
Scrapy3,n/a,Scrapy,n/a,n/a,n/a,Scrapy,,,,
mll,n/a,n/a,lml,n/a,mkl,n/a,,,,
ypgame,n/a,n/a,pygame,n/a,n/a,n/a,,,,
easy_dict,n/a,easydict,n/a,easydict,easydict,n/a,,,,
aresponses,n/a,responses,n/a,n/a,n/a,n/a,,,,
mypi,n/a,n/a,n/a,n/a,mypy,n/a,,,,
pitools,n/a,n/a,iptools,n/a,n/a,n/a,,,,
grains,n/a,n/a,n/a,n/a,trains,n/a,,,,
pbt,n/a,n/a,n/a,n/a,pbr,n/a,,,,
fpath,n/a,n/a,n/a,n/a,dpath,n/a,,,,
hq,n/a,n/a,n/a,n/a,yq,n/a,,,,
flask-pytest,n/a,n/a,n/a,pytest-flask,n/a,n/a,,,,
certibot,n/a,certbot,n/a,n/a,n/a,n/a,,,,
jdna,n/a,n/a,n/a,n/a,idna,n/a,,,,
dcs,n/a,n/a,n/a,n/a,scs,n/a,,,,
constrict,n/a,n/a,n/a,n/a,construct,n/a,,,,
pysub,n/a,n/a,pyusb,n/a,pydub,n/a,,,,
upandas,n/a,pandas,n/a,n/a,n/a,n/a,,,,
log-utils,n/a,logutils,n/a,logutils,logutils,n/a,,,,
pyldapi,n/a,pyldap,n/a,n/a,n/a,n/a,,,,
gitdh,n/a,n/a,n/a,n/a,gitdb,n/a,,,,
weeb.py,web.py,web.py,n/a,n/a,n/a,n/a,,,,
jsonschemax,n/a,jsonschema,n/a,n/a,n/a,n/a,,,,
django-ogp,n/a,n/a,n/a,n/a,django-otp,n/a,,,,
ipromise,n/a,promise,n/a,n/a,n/a,n/a,,,,
pylef,n/a,n/a,n/a,n/a,pylev,n/a,,,,
sy,n/a,n/a,n/a,n/a,sh,n/a,,,,
foauth2,n/a,oauth2,n/a,n/a,n/a,n/a,,,,
pytest-venv,n/a,pytest-env,n/a,n/a,n/a,n/a,,,,
tdata,n/a,n/a,n/a,n/a,gdata,n/a,,,,
vire,n/a,n/a,n/a,n/a,fire,n/a,,,,
cryptor,n/a,crypto,n/a,n/a,n/a,n/a,,,,
uprime,n/a,n/a,n/a,n/a,uptime,n/a,,,,
django-sebs,n/a,django-ses,n/a,n/a,n/a,n/a,,,,
lex,n/a,n/a,n/a,n/a,pex,n/a,,,,
tfd,n/a,n/a,n/a,n/a,tfx,n/a,,,,
pyid,n/a,n/a,n/a,n/a,pyod,n/a,,,,
kando,n/a,n/a,n/a,n/a,mando,n/a,,,,
nedi,n/a,n/a,n/a,n/a,jedi,n/a,,,,
pyogame,n/a,pygame,n/a,n/a,n/a,n/a,,,,
sem-ver,n/a,semver,n/a,semver,semver,n/a,,,,
python-geoio,n/a,n/a,n/a,n/a,python-geoip,n/a,,,,
xcs,n/a,n/a,n/a,n/a,scs,n/a,,,,
google-trans,n/a,googletrans,n/a,googletrans,googletrans,n/a,,,,
pop,n/a,n/a,n/a,n/a,pip,n/a,,,,
pathod,n/a,n/a,n/a,n/a,pathos,n/a,,,,
tprogress,n/a,progress,n/a,n/a,n/a,n/a,,,,
django-cep,n/a,n/a,n/a,n/a,django-csp,n/a,,,,
notebookc,n/a,notebook,n/a,n/a,n/a,n/a,,,,
firstttt,first,n/a,n/a,n/a,n/a,n/a,,,,
gorillaz,n/a,gorilla,n/a,n/a,n/a,n/a,,,,
clement,n/a,cement,n/a,n/a,n/a,n/a,,,,
graphenex,n/a,graphene,n/a,n/a,n/a,n/a,,,,
jipython,n/a,ipython,n/a,n/a,n/a,n/a,,,,
tensorboardY,n/a,tensorboard,n/a,n/a,n/a,n/a,,,,
gspread2,n/a,gspread,n/a,n/a,n/a,gspread,,,,
Pigments,n/a,n/a,n/a,n/a,Pygments,n/a,,,,
py-sam,n/a,n/a,n/a,pysam,pysam,n/a,,,,
xqrcode,n/a,qrcode,n/a,n/a,n/a,n/a,,,,
crypyto,n/a,crypto,n/a,n/a,n/a,n/a,,,,
python-tldap,n/a,python-ldap,n/a,n/a,n/a,n/a,,,,
pylfu,n/a,n/a,n/a,n/a,pylru,n/a,,,,
py-crypto,n/a,pycrypto,n/a,pycrypto,pycrypto,n/a,,,,
dympy,n/a,n/a,n/a,n/a,sympy,n/a,,,,
dace,n/a,n/a,n/a,n/a,face,n/a,,,,
sux,n/a,n/a,n/a,n/a,six,n/a,,,,
property-cached,n/a,n/a,n/a,cached-property,n/a,n/a,,,,
jargparse,n/a,argparse,n/a,n/a,n/a,n/a,,,,
cdt,n/a,n/a,n/a,n/a,ddt,n/a,,,,
pdfminer3,n/a,pdfminer,n/a,n/a,n/a,pdfminer,,,,
flowser,n/a,flower,n/a,n/a,n/a,n/a,,,,
sj,n/a,n/a,n/a,n/a,sh,n/a,,,,
mira,n/a,n/a,n/a,n/a,jira,n/a,,,,
slack-client,n/a,slackclient,n/a,slackclient,slackclient,n/a,,,,
tsutil,n/a,n/a,n/a,n/a,gsutil,n/a,,,,
Distances,n/a,Distance,n/a,n/a,n/a,n/a,,,,
json-rpc-3,n/a,n/a,n/a,n/a,n/a,json-rpc,,,,
pyramids,n/a,pyramid,n/a,n/a,n/a,n/a,,,,
hyml,n/a,n/a,n/a,n/a,html,n/a,,,,
pytest-timeouts,n/a,pytest-timeout,n/a,n/a,n/a,n/a,,,,
imatplotlib,n/a,matplotlib,n/a,n/a,n/a,n/a,,,,
pyox,n/a,n/a,n/a,n/a,pyod,n/a,,,,
pwx,n/a,n/a,n/a,n/a,pex,n/a,,,,
humba,n/a,n/a,n/a,n/a,numba,n/a,,,,
pyts,n/a,n/a,n/a,n/a,pytz,n/a,,,,
blus,n/a,n/a,n/a,n/a,blis,n/a,,,,
django-rest-framework,n/a,n/a,n/a,djangorestframework,n/a,n/a,,,,
json-lines,n/a,jsonlines,n/a,jsonlines,jsonlines,n/a,,,,
pez,n/a,n/a,n/a,n/a,pex,n/a,,,,
Pyro5,n/a,n/a,n/a,n/a,Pyro4,n/a,,,,
ped,n/a,n/a,n/a,n/a,pex,n/a,,,,
elit,n/a,n/a,n/a,n/a,eli5,n/a,,,,
scopy,n/a,n/a,n/a,n/a,scipy,n/a,,,,
patchtools,n/a,pathtools,n/a,n/a,n/a,n/a,,,,
pyppd,pypd,n/a,n/a,n/a,n/a,n/a,,,,
django-cleditor,n/a,n/a,n/a,n/a,django-ckeditor,n/a,,,,
rocker,n/a,n/a,n/a,n/a,docker,n/a,,,,
jsons,n/a,n/a,n/a,n/a,json5,n/a,,,,
b2,n/a,n/a,n/a,n/a,h2,n/a,,,,
j2t,n/a,n/a,n/a,n/a,jwt,n/a,,,,
protobuf3,n/a,protobuf,n/a,n/a,n/a,protobuf,,,,
colouredlogs,n/a,coloredlogs,n/a,n/a,n/a,n/a,,,,
python3-memcached,n/a,python-memcached,n/a,n/a,n/a,n/a,,,,
Flask-Bootstrap3,n/a,Flask-Bootstrap,n/a,n/a,n/a,Flask-Bootstrap,,,,
ojson,n/a,n/a,n/a,n/a,ijson,n/a,,,,
pysqlite3,n/a,pysqlite,n/a,n/a,n/a,pysqlite,,,,
hs,n/a,n/a,sh,n/a,n/a,n/a,,,,
rsw,n/a,n/a,n/a,n/a,rsa,n/a,,,,
promised,n/a,promise,n/a,n/a,n/a,n/a,,,,
elib,n/a,n/a,n/a,n/a,dlib,n/a,,,,
pglib,n/a,n/a,n/a,n/a,pvlib,n/a,,,,
tweeply,n/a,tweepy,n/a,n/a,n/a,n/a,,,,
bandits,n/a,bandit,n/a,n/a,n/a,n/a,,,,
ud,n/a,n/a,n/a,n/a,us,n/a,,,,
ipandas,n/a,pandas,n/a,n/a,n/a,n/a,,,,
thriftr,n/a,thrift,n/a,n/a,n/a,n/a,,,,
pipp,pip,n/a,n/a,n/a,n/a,n/a,,,,
testtools1,n/a,testtools,n/a,n/a,n/a,testtools,,,,
bipython,n/a,ipython,n/a,n/a,n/a,n/a,,,,
ppy,py,n/a,n/a,n/a,n/a,n/a,,,,
cmd3,n/a,n/a,n/a,n/a,cmd2,n/a,,,,
pydto,n/a,n/a,pydot,n/a,n/a,n/a,,,,
decorators,n/a,decorator,n/a,n/a,n/a,n/a,,,,
django-webpack4-loader,n/a,django-webpack-loader,n/a,n/a,n/a,n/a,,,,
zen-py,n/a,n/a,n/a,zenpy,zenpy,n/a,,,,
uws,n/a,n/a,n/a,n/a,jws,n/a,,,,
pymks,n/a,n/a,n/a,n/a,pyjks,n/a,,,,
socker,n/a,n/a,n/a,n/a,docker,n/a,,,,
pyling,n/a,n/a,n/a,n/a,pylint,n/a,,,,
cwmctrl,n/a,wmctrl,n/a,n/a,n/a,n/a,,,,
ncrypt,n/a,n/a,n/a,n/a,bcrypt,n/a,,,,
vrequest,n/a,request,n/a,n/a,n/a,n/a,,,,
pygan,n/a,n/a,n/a,n/a,pygam,n/a,,,,
miptools,n/a,iptools,n/a,n/a,n/a,n/a,,,,
sra,n/a,n/a,rsa,n/a,n/a,n/a,,,,
ptrepl,n/a,n/a,n/a,n/a,pyrepl,n/a,,,,
binch,n/a,n/a,n/a,n/a,bunch,n/a,,,,
lang-detect,n/a,langdetect,n/a,langdetect,langdetect,n/a,,,,
PLTable,n/a,PTable,n/a,n/a,n/a,n/a,,,,
spygame,n/a,pygame,n/a,n/a,n/a,n/a,,,,
pysole,n/a,n/a,n/a,n/a,pysolr,n/a,,,,
mwt,n/a,n/a,n/a,n/a,jwt,n/a,,,,
phil,n/a,n/a,n/a,n/a,phik,n/a,,,,
pi-env,n/a,n/a,n/a,n/a,pipenv,n/a,,,,
aws-encrpytion-sdk,n/a,n/a,aws-encryption-sdk,n/a,n/a,n/a,,,,
pandas2,n/a,pandas,n/a,n/a,n/a,pandas,,,,
cryptos,n/a,crypto,n/a,n/a,n/a,n/a,,,,
gntplib,n/a,ntplib,n/a,n/a,n/a,n/a,,,,
prequest,n/a,request,n/a,n/a,n/a,n/a,,,,
z3c.recipe.egg,n/a,zc.recipe.egg,n/a,n/a,n/a,n/a,,,,
pyrelp,n/a,n/a,pyrepl,n/a,n/a,n/a,,,,
toml.py,n/a,n/a,n/a,pytoml,n/a,n/a,,,,
mcok,n/a,n/a,mock,n/a,n/a,n/a,,,,
googletrans2,n/a,googletrans,n/a,n/a,n/a,googletrans,,,,
PyPDF3,n/a,n/a,n/a,n/a,PyPDF2,n/a,,,,
iflake8,n/a,flake8,n/a,n/a,n/a,n/a,,,,
yatl,n/a,n/a,n/a,n/a,yarl,n/a,,,,
iotools,n/a,n/a,n/a,n/a,iptools,n/a,,,,
oapispec,n/a,apispec,n/a,n/a,n/a,n/a,,,,
asteroid,n/a,astroid,n/a,n/a,n/a,n/a,,,,
iamutils,n/a,imutils,n/a,n/a,n/a,n/a,,,,
drt,n/a,n/a,n/a,n/a,ddt,n/a,,,,
rtreelib,n/a,treelib,n/a,n/a,n/a,n/a,,,,
html5,n/a,n/a,n/a,n/a,n/a,html,,,,
esa,n/a,n/a,n/a,n/a,rsa,n/a,,,,
ddg,n/a,n/a,n/a,n/a,ddt,n/a,,,,
vcfpy,n/a,n/a,n/a,n/a,vcrpy,n/a,,,,
py-web,n/a,n/a,n/a,web.py,n/a,n/a,,,,
kss,n/a,n/a,n/a,n/a,mss,n/a,,,,
libsaas,n/a,n/a,n/a,n/a,libsass,n/a,,,,
pylev2,n/a,n/a,n/a,n/a,n/a,pylev,,,,
poetri,n/a,n/a,n/a,n/a,poetry,n/a,,,,
bjson,n/a,n/a,n/a,n/a,hjson,n/a,,,,
parsr,n/a,n/a,n/a,n/a,parse,n/a,,,,
tet,n/a,n/a,n/a,n/a,get,n/a,,,,
msgpacku,n/a,msgpack,n/a,n/a,n/a,n/a,,,,
daal,n/a,n/a,adal,n/a,n/a,n/a,,,,
PyDrive2,n/a,PyDrive,n/a,n/a,n/a,PyDrive,,,,
swagger-spec-validator3,n/a,swagger-spec-validator,n/a,n/a,n/a,swagger-spec-validator,,,,
py_aho_corasick,n/a,n/a,n/a,pyahocorasick,n/a,n/a,,,,
python3-ldap,n/a,python-ldap,n/a,n/a,n/a,n/a,,,,
goto,n/a,n/a,n/a,n/a,boto,n/a,,,,
easl,n/a,n/a,n/a,n/a,sasl,n/a,,,,
django-sse,n/a,n/a,django-ses,n/a,n/a,n/a,,,,
jsonfield2,n/a,jsonfield,n/a,n/a,n/a,jsonfield,,,,
attrz,n/a,n/a,n/a,n/a,attrs,n/a,,,,
pyfvm,n/a,n/a,n/a,n/a,pyfcm,n/a,,,,
aws-encyrption-sdk,n/a,n/a,aws-encryption-sdk,n/a,n/a,n/a,,,,
fss,fs,n/a,n/a,n/a,n/a,n/a,,,,
sds,n/a,n/a,n/a,n/a,scs,n/a,,,,
oy,n/a,n/a,n/a,n/a,py,n/a,,,,
puka,n/a,n/a,n/a,n/a,pika,n/a,,,,
pysma,n/a,n/a,pysam,n/a,n/a,n/a,,,,
js,n/a,n/a,n/a,n/a,us,n/a,,,,
lytest,n/a,n/a,n/a,n/a,pytest,n/a,,,,
pysaj,n/a,n/a,n/a,n/a,pysam,n/a,,,,
piy,n/a,n/a,n/a,n/a,ply,n/a,,,,
s4cmd,n/a,n/a,n/a,n/a,s3cmd,n/a,,,,
gwebsocket,n/a,websocket,n/a,n/a,n/a,n/a,,,,
django-ra,n/a,n/a,n/a,n/a,django-rq,n/a,,,,
pygql,n/a,n/a,n/a,n/a,pygal,n/a,,,,
Maki,n/a,n/a,n/a,n/a,Mako,n/a,,,,
cos-python3-sdk-v5,n/a,cos-python-sdk-v5,n/a,n/a,n/a,n/a,,,,
smamp,n/a,n/a,smmap,n/a,n/a,n/a,,,,
trx,n/a,n/a,n/a,n/a,tfx,n/a,,,,
python-docx-1,n/a,n/a,n/a,n/a,n/a,python-docx,,,,
arts,n/a,n/a,n/a,n/a,args,n/a,,,,
qr,n/a,n/a,rq,n/a,n/a,n/a,,,,
pnr,n/a,n/a,n/a,n/a,pbr,n/a,,,,
hwt,n/a,n/a,n/a,n/a,jwt,n/a,,,,
aliyun-python-sdk-ims,n/a,n/a,n/a,n/a,aliyun-python-sdk-kms,n/a,,,,
datalogue,n/a,n/a,n/a,n/a,catalogue,n/a,,,,
sun,n/a,n/a,n/a,n/a,svn,n/a,,,,
jtextfsm,n/a,textfsm,n/a,n/a,n/a,n/a,,,,
rulez,n/a,n/a,n/a,n/a,rules,n/a,,,,
utilz,n/a,n/a,n/a,n/a,utils,n/a,,,,
pyps,n/a,n/a,n/a,n/a,pypd,n/a,,,,
sf,n/a,n/a,fs,n/a,n/a,n/a,,,,
signalfd,n/a,n/a,n/a,n/a,signalfx,n/a,,,,
pigame,n/a,n/a,n/a,n/a,pygame,n/a,,,,
acs,n/a,n/a,n/a,n/a,scs,n/a,,,,
python3-logstash,n/a,python-logstash,n/a,n/a,n/a,n/a,,,,
svb,n/a,n/a,n/a,n/a,svn,n/a,,,,
pyood,pyod,n/a,n/a,n/a,n/a,n/a,,,,
argy,n/a,n/a,n/a,n/a,argh,n/a,,,,
sco,n/a,n/a,n/a,n/a,scp,n/a,,,,
hspotipy,n/a,spotipy,n/a,n/a,n/a,n/a,,,,
ts,n/a,n/a,n/a,n/a,fs,n/a,,,,
nose2-timer,n/a,nose-timer,n/a,n/a,n/a,n/a,,,,
arequests,n/a,requests,n/a,n/a,n/a,n/a,,,,
django-ses3,n/a,django-ses,n/a,n/a,n/a,django-ses,,,,
argz,n/a,n/a,n/a,n/a,args,n/a,,,,
seep,n/a,n/a,n/a,n/a,zeep,n/a,,,,
pywmi,n/a,n/a,n/a,n/a,pysmi,n/a,,,,
test-tools,n/a,testtools,n/a,testtools,testtools,n/a,,,,
clint2,n/a,n/a,n/a,n/a,n/a,clint,,,,
lem,n/a,n/a,n/a,n/a,pem,n/a,,,,
gpolyline,n/a,polyline,n/a,n/a,n/a,n/a,,,,
test-py,n/a,n/a,n/a,pytest,n/a,n/a,,,,
zlogging,n/a,logging,n/a,n/a,n/a,n/a,,,,
pyprodj,n/a,pyproj,n/a,n/a,n/a,n/a,,,,
docopts,n/a,docopt,n/a,n/a,n/a,n/a,,,,
dmpy,n/a,n/a,n/a,n/a,empy,n/a,,,,
logging3,n/a,logging,n/a,n/a,n/a,logging,,,,
glog2,n/a,n/a,n/a,n/a,glob2,n/a,,,,
slogging,n/a,logging,n/a,n/a,n/a,n/a,,,,
pitz,n/a,n/a,n/a,n/a,pytz,n/a,,,,
ip-db,n/a,n/a,n/a,ipdb,ipdb,n/a,,,,
jvirtualenv,n/a,virtualenv,n/a,n/a,n/a,n/a,,,,
kpandas,n/a,pandas,n/a,n/a,n/a,n/a,,,,
http-tools,n/a,httptools,n/a,httptools,httptools,n/a,,,,
social-auth-core2,n/a,social-auth-core,n/a,n/a,n/a,social-auth-core,,,,
googler,n/a,google,n/a,n/a,n/a,n/a,,,,
crtime,n/a,n/a,n/a,n/a,cftime,n/a,,,,
filetypes,n/a,filetype,n/a,n/a,n/a,n/a,,,,
anisble,n/a,n/a,ansible,n/a,n/a,n/a,,,,
charset,n/a,n/a,n/a,n/a,chardet,n/a,,,,
sfs,n/a,n/a,n/a,n/a,scs,n/a,,,,
moyo,n/a,n/a,n/a,n/a,moto,n/a,,,,
fortools,n/a,ortools,n/a,n/a,n/a,n/a,,,,
npack,n/a,n/a,n/a,n/a,hpack,n/a,,,,
deparse,n/a,dparse,n/a,n/a,n/a,n/a,,,,
ehtml2text,n/a,html2text,n/a,n/a,n/a,n/a,,,,
mrequests,n/a,requests,n/a,n/a,n/a,n/a,,,,
blinkter,n/a,blinker,n/a,n/a,n/a,n/a,,,,
pdblp,n/a,n/a,n/a,n/a,pdbpp,n/a,,,,
kazy,n/a,n/a,n/a,n/a,lazy,n/a,,,,
rdt,n/a,n/a,n/a,n/a,ddt,n/a,,,,
progress_bar,n/a,progressbar,n/a,progressbar,progressbar,n/a,,,,
wh,n/a,n/a,n/a,n/a,sh,n/a,,,,
gargparse,n/a,argparse,n/a,n/a,n/a,n/a,,,,
lock_file,n/a,lockfile,n/a,lockfile,lockfile,n/a,,,,
interval3,n/a,interval,n/a,n/a,n/a,interval,,,,
briantree,n/a,n/a,braintree,n/a,n/a,n/a,,,,
prompt-tool-kit,n/a,prompt-toolkit,n/a,n/a,prompt-toolkit,n/a,,,,
Scrappy,Scrapy,Scrapy,n/a,n/a,n/a,n/a,,,,
pytimeparser,n/a,pytimeparse,n/a,n/a,n/a,n/a,,,,
tkml,n/a,n/a,n/a,n/a,toml,n/a,,,,
clogging,n/a,logging,n/a,n/a,n/a,n/a,,,,
pyoo,n/a,n/a,poyo,n/a,n/a,n/a,,,,
pdf2images,n/a,pdf2image,n/a,n/a,n/a,n/a,,,,
jupyters,n/a,jupyter,n/a,n/a,n/a,n/a,,,,
vibe,n/a,n/a,n/a,n/a,vine,n/a,,,,
xlib,n/a,n/a,n/a,n/a,dlib,n/a,,,,
pyhdl,n/a,n/a,n/a,n/a,pyhcl,n/a,,,,
slack-cli-webhook,n/a,n/a,n/a,slack-webhook-cli,n/a,n/a,,,,
epygame,n/a,pygame,n/a,n/a,n/a,n/a,,,,
ecoe,n/a,n/a,n/a,n/a,ecos,n/a,,,,
parts,n/a,n/a,n/a,n/a,partd,n/a,,,,
gkeyring,n/a,keyring,n/a,n/a,n/a,n/a,,,,
virtualenvy,n/a,virtualenv,n/a,n/a,n/a,n/a,,,,
aschedule,n/a,schedule,n/a,n/a,n/a,n/a,,,,
ppi,n/a,n/a,pip,n/a,n/a,n/a,,,,
yld,n/a,n/a,n/a,n/a,tld,n/a,,,,
prospector2,n/a,prospector,n/a,n/a,n/a,prospector,,,,
oath,n/a,n/a,n/a,n/a,path,n/a,,,,
pyfck,n/a,n/a,n/a,n/a,pyfcm,n/a,,,,
epm,n/a,n/a,pem,n/a,n/a,n/a,,,,
fd,n/a,n/a,n/a,n/a,fs,n/a,,,,
spandas,n/a,pandas,n/a,n/a,n/a,n/a,,,,
ds,n/a,n/a,n/a,n/a,fs,n/a,,,,
itm,n/a,n/a,n/a,n/a,utm,n/a,,,,
django-tables3,n/a,n/a,n/a,n/a,django-tables2,n/a,,,,
pidb,n/a,n/a,ipdb,n/a,pudb,n/a,,,,
cpath,n/a,n/a,n/a,n/a,dpath,n/a,,,,
first1,n/a,n/a,n/a,n/a,n/a,first,,,,
ptee,n/a,n/a,n/a,n/a,pyee,n/a,,,,
dire,n/a,n/a,n/a,n/a,fire,n/a,,,,
bcloud,n/a,n/a,n/a,n/a,gcloud,n/a,,,,
cmdw,n/a,n/a,n/a,n/a,cmd2,n/a,,,,
imgavg,n/a,n/a,n/a,n/a,imgaug,n/a,,,,
dh,n/a,n/a,n/a,n/a,sh,n/a,,,,
bdata,n/a,n/a,n/a,n/a,gdata,n/a,,,,
transactions,n/a,transaction,n/a,n/a,n/a,n/a,,,,
interval_tree,n/a,intervaltree,n/a,intervaltree,intervaltree,n/a,,,,
qinvoke,n/a,invoke,n/a,n/a,n/a,n/a,,,,
py3winrm,n/a,pywinrm,n/a,n/a,n/a,n/a,,,,
oser,n/a,n/a,n/a,n/a,oset,n/a,,,,
pymstache,n/a,pystache,n/a,n/a,n/a,n/a,,,,
xtermcolor,n/a,termcolor,n/a,n/a,n/a,n/a,,,,
psqlparse,n/a,sqlparse,n/a,n/a,n/a,n/a,,,,
myppy,mypy,n/a,n/a,n/a,n/a,n/a,,,,
combi,n/a,n/a,n/a,n/a,combo,n/a,,,,
protobufp,n/a,protobuf,n/a,n/a,n/a,n/a,,,,
merge_json,n/a,n/a,n/a,jsonmerge,n/a,n/a,,,,
pyandoc,n/a,pandoc,n/a,n/a,n/a,n/a,,,,
ninja2,n/a,n/a,n/a,n/a,n/a,ninja,,,,
grapheme,n/a,n/a,n/a,n/a,graphene,n/a,,,,
pypgn,n/a,n/a,pypng,n/a,n/a,n/a,,,,
uvarint,n/a,varint,n/a,n/a,n/a,n/a,,,,
KFlask-AppBuilder,n/a,Flask-AppBuilder,n/a,n/a,n/a,n/a,,,,
dropbox2,n/a,dropbox,n/a,n/a,n/a,dropbox,,,,
nlist,n/a,n/a,n/a,n/a,blist,n/a,,,,
gdt,n/a,n/a,n/a,n/a,get,n/a,,,,
suds3,n/a,n/a,n/a,n/a,n/a,suds,,,,
cling,n/a,n/a,n/a,n/a,clint,n/a,,,,
jwa,n/a,n/a,n/a,n/a,jws,n/a,,,,
jumpy,n/a,n/a,n/a,n/a,numpy,n/a,,,,
fistro,n/a,n/a,n/a,n/a,distro,n/a,,,,
pywinrm2,n/a,pywinrm,n/a,n/a,n/a,pywinrm,,,,
plocustio,n/a,locustio,n/a,n/a,n/a,n/a,,,,
ninka,n/a,n/a,n/a,n/a,ninja,n/a,,,,
pyccm,n/a,n/a,n/a,n/a,pyfcm,n/a,,,,
h2o-pysparkling-2.3,n/a,n/a,n/a,n/a,h2o-pysparkling-2.4,n/a,,,,
aiopb,n/a,n/a,n/a,n/a,aiopg,n/a,,,,
koto,n/a,n/a,n/a,n/a,moto,n/a,,,,
docu,n/a,n/a,n/a,n/a,doc8,n/a,,,,
nock,n/a,n/a,n/a,n/a,mock,n/a,,,,
ndparse,n/a,dparse,n/a,n/a,n/a,n/a,,,,
pydot3,n/a,n/a,n/a,n/a,pydot2,pydot,,,,
bnclient,n/a,n/a,nbclient,n/a,n/a,n/a,,,,
qrequest,n/a,request,n/a,n/a,n/a,n/a,,,,
requests3,n/a,requests,n/a,n/a,n/a,requests,,,,
py-pandoc,n/a,pypandoc,n/a,pypandoc,pypandoc,n/a,,,,
sox,n/a,n/a,n/a,n/a,six,n/a,,,,
pygamer,n/a,pygame,n/a,n/a,n/a,n/a,,,,
cabric,n/a,n/a,n/a,n/a,fabric,n/a,,,,
bittle,n/a,n/a,n/a,n/a,bottle,n/a,,,,
databricks-pypi-2,n/a,databricks-pypi2,n/a,n/a,databricks-pypi2,databricks-pypi,,,,
cryptio,n/a,crypto,n/a,n/a,n/a,n/a,,,,
cimem,n/a,n/a,n/a,n/a,cymem,n/a,,,,
cufflinks1,n/a,cufflinks,n/a,n/a,n/a,cufflinks,,,,
distri,n/a,n/a,n/a,n/a,distro,n/a,,,,
tid,n/a,n/a,n/a,n/a,tld,n/a,,,,
clock,n/a,n/a,n/a,n/a,click,n/a,,,,
treedlib,n/a,treelib,n/a,n/a,n/a,n/a,,,,
tablets,n/a,tables,n/a,n/a,n/a,n/a,,,,
requests-foauth,n/a,requests-oauth,n/a,n/a,n/a,n/a,,,,
ddiscord,discord,discord,n/a,n/a,n/a,n/a,,,,
flauncher,n/a,launcher,n/a,n/a,n/a,n/a,,,,
furi,n/a,n/a,n/a,n/a,furl,n/a,,,,
importlib2,n/a,importlib,n/a,n/a,n/a,importlib,,,,
pygcm,n/a,n/a,n/a,n/a,pyfcm,n/a,,,,
dwebsocket,n/a,websocket,n/a,n/a,n/a,n/a,,,,
pyta,n/a,n/a,n/a,n/a,pytz,n/a,,,,
golm,n/a,n/a,glom,n/a,n/a,n/a,,,,
rratelimit,ratelimit,ratelimit,n/a,n/a,n/a,n/a,,,,
flake8-quotes2,n/a,flake8-quotes,n/a,n/a,n/a,flake8-quotes,,,,
pyaws,n/a,n/a,n/a,n/a,pyaes,n/a,,,,
slackers,n/a,slacker,n/a,n/a,n/a,n/a,,,,
cine,n/a,n/a,n/a,n/a,vine,n/a,,,,
msa,n/a,n/a,n/a,n/a,mss,n/a,,,,
glob3,n/a,n/a,n/a,n/a,glob2,n/a,,,,
toc,n/a,n/a,n/a,n/a,tox,n/a,,,,
mstatistics,n/a,statistics,n/a,n/a,n/a,n/a,,,,
rbottle,n/a,bottle,n/a,n/a,n/a,n/a,,,,
vipython,n/a,ipython,n/a,n/a,n/a,n/a,,,,
ssc,n/a,n/a,scs,n/a,n/a,n/a,,,,
googletransx,n/a,googletrans,n/a,n/a,n/a,n/a,,,,
color-log,n/a,colorlog,n/a,colorlog,colorlog,n/a,,,,
iso-8601,n/a,iso8601,n/a,iso8601,iso8601,n/a,,,,
elasticsearch2,n/a,elasticsearch,n/a,n/a,n/a,elasticsearch,,,,
htables,n/a,tables,n/a,n/a,n/a,n/a,,,,
aiosmpp,n/a,n/a,n/a,n/a,aioxmpp,n/a,,,,
ly,n/a,n/a,n/a,n/a,py,n/a,,,,
ib-dl,n/a,n/a,n/a,dlib,n/a,n/a,,,,
problog,n/a,n/a,n/a,n/a,proglog,n/a,,,,
zapps,n/a,n/a,n/a,n/a,zappa,n/a,,,,
fuel,n/a,n/a,n/a,n/a,furl,n/a,,,,
cask,n/a,n/a,n/a,n/a,dask,n/a,,,,
Flask-Bootstraps,n/a,Flask-Bootstrap,n/a,n/a,n/a,n/a,,,,
us3,n/a,n/a,n/a,n/a,n/a,us,,,,
tfs,n/a,n/a,n/a,n/a,tfx,n/a,,,,
lmk,n/a,n/a,n/a,n/a,lml,n/a,,,,
Bootstrap-Flask,n/a,n/a,n/a,Flask-Bootstrap,n/a,n/a,,,,
namesparser,n/a,nameparser,n/a,n/a,n/a,n/a,,,,
futures3,n/a,futures,n/a,n/a,n/a,futures,,,,
deno,n/a,n/a,n/a,n/a,reno,n/a,,,,
lsml,n/a,n/a,n/a,n/a,lxml,n/a,,,,
flib,n/a,n/a,n/a,n/a,dlib,n/a,,,,
namesss,names,n/a,n/a,n/a,n/a,n/a,,,,
wdocker,n/a,docker,n/a,n/a,n/a,n/a,,,,
fidentify,n/a,identify,n/a,n/a,n/a,n/a,,,,
pyctest,n/a,pytest,n/a,n/a,n/a,n/a,,,,
pop-tools,n/a,n/a,n/a,n/a,pip-tools,n/a,,,,
csp,n/a,n/a,scp,n/a,n/a,n/a,,,,
gwebsockets,n/a,websockets,n/a,n/a,n/a,n/a,,,,
plsc,n/a,n/a,n/a,n/a,plac,n/a,,,,
pyltp,n/a,n/a,n/a,n/a,pyotp,n/a,,,,
django-ckeditor5,n/a,django-ckeditor,n/a,n/a,n/a,django-ckeditor,,,,
twone,n/a,n/a,n/a,n/a,twine,n/a,,,,
nise,n/a,n/a,n/a,n/a,nose,n/a,,,,
python-consul2,n/a,python-consul,n/a,n/a,n/a,python-consul,,,,
happi,n/a,n/a,n/a,n/a,yappi,n/a,,,,
j2cli3,n/a,n/a,n/a,n/a,n/a,j2cli,,,,
fasttest,n/a,n/a,n/a,n/a,fasttext,n/a,,,,
ibpykernel,n/a,ipykernel,n/a,n/a,n/a,n/a,,,,
zmq_py,n/a,n/a,n/a,pyzmq,n/a,n/a,,,,
pooetry,poetry,poetry,n/a,n/a,n/a,n/a,,,,
uri-template,n/a,uritemplate,n/a,uritemplate,uritemplate,n/a,,,,
distributex,n/a,distribute,n/a,n/a,distributed,n/a,,,,
edt,n/a,n/a,n/a,n/a,ddt,n/a,,,,
pymal,n/a,n/a,pyaml,n/a,n/a,n/a,,,,
kira,n/a,n/a,n/a,n/a,jira,n/a,,,,
mogo,n/a,n/a,n/a,n/a,moto,n/a,,,,
gire,n/a,n/a,n/a,n/a,fire,n/a,,,,
snotebook,n/a,notebook,n/a,n/a,n/a,n/a,,,,
aws-encrytpion-sdk,n/a,n/a,aws-encryption-sdk,n/a,n/a,n/a,,,,
deep-diff,n/a,deepdiff,n/a,deepdiff,deepdiff,n/a,,,,
zcp,n/a,n/a,n/a,n/a,scp,n/a,,,,
vtm,n/a,n/a,n/a,n/a,utm,n/a,,,,
elogging,n/a,logging,n/a,n/a,n/a,n/a,,,,
httpkie,n/a,httpie,n/a,n/a,n/a,n/a,,,,
rai,n/a,n/a,n/a,n/a,ray,n/a,,,,
patchlib,n/a,pathlib,n/a,n/a,n/a,n/a,,,,
dq,n/a,n/a,n/a,n/a,rq,n/a,,,,
bit_array,n/a,bitarray,n/a,bitarray,bitarray,n/a,,,,
pitest,n/a,n/a,n/a,n/a,pytest,n/a,,,,
prob,n/a,n/a,n/a,n/a,prov,n/a,,,,
genopandas,n/a,geopandas,n/a,n/a,n/a,n/a,,,,
j2cli-3,n/a,n/a,n/a,n/a,n/a,j2cli,,,,
hw,n/a,n/a,n/a,n/a,h2,n/a,,,,
uuid1,n/a,n/a,n/a,n/a,n/a,uuid,,,,
mutagenx,n/a,mutagen,n/a,n/a,n/a,n/a,,,,
lox,n/a,n/a,n/a,n/a,pox,n/a,,,,
sshh,sh,n/a,n/a,n/a,n/a,n/a,,,,
gal,n/a,n/a,n/a,n/a,gql,n/a,,,,
zeroconf2,n/a,zeroconf,n/a,n/a,n/a,zeroconf,,,,
pysmo,n/a,n/a,n/a,n/a,pysmi,n/a,,,,
texttables,n/a,texttable,n/a,n/a,n/a,n/a,,,,
aaargh,argh,n/a,n/a,n/a,n/a,n/a,,,,
ljson,n/a,n/a,n/a,n/a,ijson,n/a,,,,
gobject,n/a,n/a,n/a,n/a,vobject,n/a,,,,
ocrtools,n/a,ortools,n/a,n/a,n/a,n/a,,,,
requests-oauth2,n/a,requests-oauth,n/a,n/a,n/a,requests-oauth,,,,
lru_py,n/a,n/a,n/a,pylru,n/a,n/a,,,,
plumbium,n/a,plumbum,n/a,n/a,n/a,n/a,,,,
iq,n/a,n/a,n/a,n/a,yq,n/a,,,,
py-tesseract,n/a,pytesseract,n/a,pytesseract,pytesseract,n/a,,,,
deep_merge,n/a,deepmerge,n/a,deepmerge,deepmerge,n/a,,,,
multipledispatch2,n/a,multipledispatch,n/a,n/a,n/a,multipledispatch,,,,
termcolor2,n/a,termcolor,n/a,n/a,n/a,termcolor,,,,
day,n/a,n/a,n/a,n/a,ray,n/a,,,,
py.test,n/a,pytest,n/a,pytest,pytest,n/a,,,,
aws-encrytpion-sdk-cli,n/a,n/a,aws-encryption-sdk-cli,n/a,n/a,n/a,,,,
pylzma,n/a,n/a,n/a,n/a,pylama,n/a,,,,
straitlets,n/a,traitlets,n/a,n/a,n/a,n/a,,,,
css,n/a,n/a,scs,n/a,n/a,n/a,,,,
dparser,n/a,dparse,n/a,n/a,n/a,n/a,,,,
ssh-tunnel,n/a,sshtunnel,n/a,sshtunnel,sshtunnel,n/a,,,,
mlzlog,n/a,n/a,n/a,n/a,mozlog,n/a,,,,
arcode,n/a,n/a,n/a,n/a,qrcode,n/a,,,,
ecapy,n/a,n/a,n/a,n/a,scapy,n/a,,,,
mplotly,n/a,plotly,n/a,n/a,n/a,n/a,,,,
colout,n/a,n/a,n/a,n/a,colour,n/a,,,,
pyrepo,n/a,n/a,n/a,n/a,pyrepl,n/a,,,,
xdt,n/a,n/a,n/a,n/a,ddt,n/a,,,,
pulib,n/a,n/a,n/a,n/a,pvlib,n/a,,,,
astro,n/a,n/a,astor,n/a,n/a,n/a,,,,
pydp,n/a,n/a,pypd,n/a,n/a,n/a,,,,
python-openid2,n/a,python-openid,n/a,n/a,n/a,python-openid,,,,
cryptox,n/a,crypto,n/a,n/a,n/a,n/a,,,,
Flask-Babel2,n/a,Flask-Babel,n/a,n/a,n/a,Flask-Babel,,,,
pbd,n/a,n/a,n/a,n/a,pbr,n/a,,,,
cch,n/a,n/a,n/a,n/a,ccy,n/a,,,,
timezonefinderL,n/a,timezonefinder,n/a,n/a,n/a,n/a,,,,
redys,n/a,n/a,n/a,n/a,redis,n/a,,,,
share,n/a,n/a,n/a,n/a,shade,n/a,,,,
aget,n/a,n/a,n/a,n/a,wget,n/a,,,,
ssh,sh,n/a,n/a,n/a,n/a,n/a,,,,
minik,n/a,n/a,n/a,n/a,minio,n/a,,,,
oly,n/a,n/a,n/a,n/a,ply,n/a,,,,
mipy,n/a,n/a,n/a,n/a,mypy,n/a,,,,
python-openid3,n/a,python-openid,n/a,n/a,n/a,python-openid,,,,
django-ratelimit3,n/a,django-ratelimit,n/a,n/a,n/a,django-ratelimit,,,,
slacker2,n/a,slacker,n/a,n/a,n/a,slacker,,,,
semaver,n/a,semver,n/a,n/a,n/a,n/a,,,,
suds-py3k,n/a,suds-py3,n/a,n/a,n/a,n/a,,,,
elasticsearch1,n/a,elasticsearch,n/a,n/a,n/a,elasticsearch,,,,
Qtornado,n/a,tornado,n/a,n/a,n/a,n/a,,,,
yalr,n/a,n/a,yarl,n/a,n/a,n/a,,,,
pyexif,n/a,n/a,n/a,n/a,piexif,n/a,,,,
pycurl2,n/a,pycurl,n/a,n/a,n/a,pycurl,,,,
curl,n/a,n/a,n/a,n/a,furl,n/a,,,,
qy,n/a,n/a,yq,n/a,n/a,n/a,,,,
gtm,n/a,n/a,n/a,n/a,gym,n/a,,,,
argparsex,n/a,argparse,n/a,n/a,n/a,n/a,,,,
tomo,n/a,n/a,n/a,n/a,toml,n/a,,,,
reportlab2,n/a,reportlab,n/a,n/a,n/a,reportlab,,,,
panddas,pandas,pandas,n/a,n/a,n/a,n/a,,,,
rastreio,n/a,n/a,rasterio,n/a,n/a,n/a,,,,
django-restframework,n/a,djangorestframework,n/a,djangorestframework,djangorestframework,n/a,,,,
ah,n/a,n/a,n/a,n/a,sh,n/a,,,,
sg,n/a,n/a,n/a,n/a,sh,n/a,,,,
j2s,n/a,n/a,n/a,n/a,jws,n/a,,,,
axarray,n/a,xarray,n/a,n/a,n/a,n/a,,,,
sudz,n/a,n/a,n/a,n/a,suds,n/a,,,,
cache_requests,n/a,n/a,n/a,requests-cache,n/a,n/a,,,,
geo-py,n/a,n/a,n/a,geopy,geopy,n/a,,,,
logging2,n/a,logging,n/a,n/a,n/a,logging,,,,
sentinela,n/a,n/a,n/a,n/a,sentinels,n/a,,,,
futured,n/a,future,n/a,n/a,futures,n/a,,,,
gum,n/a,n/a,n/a,n/a,gym,n/a,,,,
tfa-nightly,n/a,tf-nightly,n/a,n/a,n/a,n/a,,,,
grt,n/a,n/a,n/a,n/a,get,n/a,,,,
pypdd,pypd,n/a,n/a,n/a,n/a,n/a,,,,
ptah,n/a,n/a,path,n/a,n/a,n/a,,,,
gorylla,n/a,n/a,n/a,n/a,gorilla,n/a,,,,
argparse2,n/a,argparse,n/a,n/a,n/a,argparse,,,,
tools,n/a,n/a,n/a,n/a,toolz,n/a,,,,
clib,n/a,n/a,n/a,n/a,dlib,n/a,,,,
requests2,n/a,requests,n/a,n/a,n/a,requests,,,,
zschema,n/a,schema,n/a,n/a,n/a,n/a,,,,
json_pointer,n/a,jsonpointer,n/a,jsonpointer,jsonpointer,n/a,,,,
date-parser,n/a,dateparser,n/a,dateparser,dateparser,n/a,,,,
django-jsonbfield,n/a,django-jsonfield,n/a,n/a,n/a,n/a,,,,
pydmb,n/a,n/a,n/a,n/a,pysmb,n/a,,,,
visitors,n/a,visitor,n/a,n/a,n/a,n/a,,,,
djocker,n/a,docker,n/a,n/a,n/a,n/a,,,,
uuid0,n/a,n/a,n/a,n/a,n/a,uuid,,,,
make-c,n/a,n/a,n/a,cmake,n/a,n/a,,,,
sgrequests,n/a,grequests,n/a,n/a,n/a,n/a,,,,
mlogging,n/a,logging,n/a,n/a,n/a,n/a,,,,
jjson,n/a,n/a,n/a,n/a,ujson,n/a,,,,
uq,n/a,n/a,n/a,n/a,yq,n/a,,,,
s1acker,n/a,n/a,n/a,n/a,slacker,n/a,,,,
colourz,n/a,colour,n/a,n/a,n/a,n/a,,,,
jaraco.test,n/a,n/a,n/a,n/a,jaraco.text,n/a,,,,
utyls,n/a,n/a,n/a,n/a,utils,n/a,,,,
elasticsearch1-dsl,n/a,elasticsearch-dsl,n/a,n/a,n/a,n/a,,,,
hspy,n/a,n/a,n/a,n/a,h5py,n/a,,,,
fs1,n/a,n/a,n/a,n/a,n/a,fs,,,,
utilx,n/a,n/a,n/a,n/a,utils,n/a,,,,
py-hcl,n/a,n/a,n/a,pyhcl,pyhcl,n/a,,,,
ux,n/a,n/a,n/a,n/a,us,n/a,,,,
pysolr4,n/a,pysolr,n/a,n/a,n/a,pysolr,,,,
stmpy,n/a,n/a,n/a,n/a,sympy,n/a,,,,
django-ratelimit9,n/a,django-ratelimit,n/a,n/a,n/a,django-ratelimit,,,,
hdfs3,n/a,n/a,n/a,n/a,n/a,hdfs,,,,
rediz,n/a,n/a,n/a,n/a,redis,n/a,,,,
Flask-Scrypt,n/a,n/a,n/a,n/a,Flask-Script,n/a,,,,
j2,n/a,n/a,n/a,n/a,h2,n/a,,,,
django-zcelery,n/a,django-celery,n/a,n/a,n/a,n/a,,,,
ixml,n/a,n/a,n/a,n/a,lxml,n/a,,,,
file-magic,n/a,filemagic,n/a,filemagic,filemagic,n/a,,,,
json_patch,n/a,jsonpatch,n/a,jsonpatch,jsonpatch,n/a,,,,
django-ckeditor-5,n/a,n/a,n/a,n/a,n/a,django-ckeditor,,,,
yschema,n/a,schema,n/a,n/a,n/a,n/a,,,,
mutagene,n/a,mutagen,n/a,n/a,n/a,n/a,,,,
sget,n/a,n/a,n/a,n/a,wget,n/a,,,,
bdocutils,n/a,docutils,n/a,n/a,n/a,n/a,,,,
f5,n/a,n/a,n/a,n/a,fs,n/a,,,,
xprogress,n/a,progress,n/a,n/a,n/a,n/a,,,,
prm,n/a,n/a,n/a,n/a,pem,n/a,,,,
gloom,glom,n/a,n/a,n/a,n/a,n/a,,,,
redshift-sqlalchemy,n/a,n/a,n/a,sqlalchemy-redshift,n/a,n/a,,,,
fym,n/a,n/a,n/a,n/a,gym,n/a,,,,
ptwinrm,n/a,n/a,n/a,n/a,pywinrm,n/a,,,,
bogo,n/a,n/a,n/a,n/a,boto,n/a,,,,
dtparse,n/a,dparse,n/a,n/a,n/a,n/a,,,,
log-color,n/a,n/a,n/a,colorlog,n/a,n/a,,,,
mldocs,n/a,n/a,n/a,n/a,mkdocs,n/a,,,,
pyopt,n/a,n/a,pyotp,n/a,n/a,n/a,,,,
pod,n/a,n/a,n/a,n/a,pox,n/a,,,,
django-tinymce4,n/a,django-tinymce,n/a,n/a,n/a,django-tinymce,,,,
rlib,n/a,n/a,n/a,n/a,dlib,n/a,,,,
bumpy,n/a,n/a,n/a,n/a,numpy,n/a,,,,
pwtools,n/a,n/a,wptools,n/a,n/a,n/a,,,,
ecp,n/a,n/a,n/a,n/a,scp,n/a,,,,
vsutil,n/a,n/a,n/a,n/a,gsutil,n/a,,,,
requestx,n/a,request,n/a,n/a,requests,n/a,,,,
nxarray,n/a,xarray,n/a,n/a,n/a,n/a,,,,
pyka,n/a,n/a,n/a,n/a,pika,n/a,,,,
uz,n/a,n/a,n/a,n/a,us,n/a,,,,
mes,n/a,n/a,n/a,n/a,mss,n/a,,,,
pyglint,n/a,pylint,n/a,n/a,n/a,n/a,,,,
eth-abi2,n/a,eth-abi,n/a,n/a,n/a,eth-abi,,,,
pytx,n/a,n/a,n/a,n/a,pytz,n/a,,,,
svm,n/a,n/a,n/a,n/a,svn,n/a,,,,
fe,n/a,n/a,n/a,n/a,fs,n/a,,,,
scss,scs,n/a,n/a,n/a,n/a,n/a,,,,
cclint,clint,n/a,n/a,n/a,n/a,n/a,,,,
rsq,n/a,n/a,n/a,n/a,rsa,n/a,,,,
asyncgp,n/a,n/a,asyncpg,n/a,n/a,n/a,,,,
fabric2,n/a,fabric,n/a,n/a,n/a,fabric,,,,
jss,n/a,n/a,n/a,n/a,mss,n/a,,,,
gevent-websocket2,n/a,gevent-websocket,n/a,n/a,n/a,gevent-websocket,,,,
pu,n/a,n/a,n/a,n/a,py,n/a,,,,
prof,n/a,n/a,n/a,n/a,prov,n/a,,,,
iipython,ipython,ipython,n/a,n/a,n/a,n/a,,,,
drparse,n/a,dparse,n/a,n/a,n/a,n/a,,,,
humanizer,n/a,humanize,n/a,n/a,n/a,n/a,,,,
xparse,n/a,n/a,n/a,n/a,dparse,n/a,,,,
afro,n/a,n/a,n/a,n/a,avro,n/a,,,,
ifcalendar,n/a,icalendar,n/a,n/a,n/a,n/a,,,,
ra,n/a,n/a,n/a,n/a,rq,n/a,,,,
hapiclient,n/a,apiclient,n/a,n/a,n/a,n/a,,,,
ipytest,n/a,pytest,n/a,n/a,n/a,n/a,,,,
prog,n/a,n/a,n/a,n/a,prov,n/a,,,,
testtable,n/a,n/a,n/a,n/a,texttable,n/a,,,,
pyham,n/a,n/a,n/a,n/a,pygam,n/a,,,,
patsi,n/a,n/a,n/a,n/a,patsy,n/a,,,,
xlogging,n/a,logging,n/a,n/a,n/a,n/a,,,,
python3-utils,n/a,python-utils,n/a,n/a,n/a,n/a,,,,
etornado,n/a,tornado,n/a,n/a,n/a,n/a,,,,
json-diff,n/a,jsondiff,n/a,jsondiff,jsondiff,n/a,,,,
param2,n/a,n/a,n/a,n/a,n/a,param,,,,
manyconfig,n/a,anyconfig,n/a,n/a,n/a,n/a,,,,
mweb.py,n/a,web.py,n/a,n/a,n/a,n/a,,,,
asyncrest,n/a,n/a,n/a,n/a,asynctest,n/a,,,,
tfp-nightly,n/a,tf-nightly,n/a,n/a,n/a,n/a,,,,
jschema,n/a,schema,n/a,n/a,n/a,n/a,,,,
plst,n/a,n/a,n/a,n/a,post,n/a,,,,
discordo,n/a,discord,n/a,n/a,n/a,n/a,,,,
yapg,n/a,n/a,n/a,n/a,yapf,n/a,,,,
lprint,n/a,n/a,n/a,n/a,pprint,n/a,,,,
meal,n/a,n/a,n/a,n/a,msal,n/a,,,,
jsonpickler,n/a,jsonpickle,n/a,n/a,n/a,n/a,,,,
b3,n/a,n/a,n/a,n/a,h3,n/a,,,,
flint,n/a,n/a,n/a,n/a,clint,n/a,,,,
rgeocoder,n/a,geocoder,n/a,n/a,n/a,n/a,,,,
motto,moto,n/a,n/a,n/a,n/a,n/a,,,,
mws,n/a,n/a,n/a,n/a,jws,n/a,,,,
oauth2-client,n/a,oauth2client,n/a,oauth2client,oauth2client,n/a,,,,
qanalytics-python,n/a,analytics-python,n/a,n/a,n/a,n/a,,,,
rfx,n/a,n/a,n/a,n/a,tfx,n/a,,,,
joseph,n/a,n/a,n/a,n/a,josepy,n/a,,,,
seleniumx,n/a,selenium,n/a,n/a,n/a,n/a,,,,
numexpr3,n/a,numexpr,n/a,n/a,n/a,numexpr,,,,
inotifyx,n/a,inotify,n/a,n/a,n/a,n/a,,,,
vjson,n/a,n/a,n/a,n/a,ujson,n/a,,,,
h2p,n/a,n/a,n/a,n/a,h2o,n/a,,,,
upython,n/a,n/a,n/a,n/a,ipython,n/a,,,,
python-ffmpeg,n/a,n/a,n/a,ffmpeg-python,n/a,n/a,,,,
gs,n/a,n/a,n/a,n/a,fs,n/a,,,,
ecs,n/a,n/a,n/a,n/a,scs,n/a,,,,
bliz,n/a,n/a,n/a,n/a,blis,n/a,,,,
oprint,n/a,n/a,n/a,n/a,pprint,n/a,,,,
usort,n/a,n/a,n/a,n/a,isort,n/a,,,,
striped,n/a,stripe,n/a,n/a,n/a,n/a,,,,
gtextfsm,n/a,textfsm,n/a,n/a,n/a,n/a,,,,
expiringpdict,n/a,expiringdict,n/a,n/a,n/a,n/a,,,,
cct,n/a,n/a,n/a,n/a,ccy,n/a,,,,
torch-vision,n/a,torchvision,n/a,torchvision,torchvision,n/a,,,,
cctx,n/a,n/a,ccxt,n/a,n/a,n/a,,,,
erequests,n/a,requests,n/a,n/a,n/a,n/a,,,,
py3,n/a,n/a,n/a,n/a,n/a,py,,,,
virtualenv2,n/a,virtualenv,n/a,n/a,n/a,virtualenv,,,,
config-parser,n/a,configparser,n/a,configparser,configparser,n/a,,,,
pidantic,n/a,n/a,n/a,n/a,pydantic,n/a,,,,
udocker,n/a,docker,n/a,n/a,n/a,n/a,,,,
tod,n/a,n/a,n/a,n/a,tld,n/a,,,,
ipp,n/a,n/a,pip,n/a,n/a,n/a,,,,
property-manager3,n/a,property-manager,n/a,n/a,n/a,property-manager,,,,
path3,n/a,n/a,n/a,n/a,n/a,path,,,,
fdt,n/a,n/a,n/a,n/a,ddt,n/a,,,,
sssh,sh,n/a,n/a,n/a,n/a,n/a,,,,
falcone,n/a,falcon,n/a,n/a,n/a,n/a,,,,
cripto,n/a,n/a,n/a,n/a,crypto,n/a,,,,
omdb,n/a,n/a,n/a,n/a,lmdb,n/a,,,,
kjson,n/a,n/a,n/a,n/a,ijson,n/a,,,,
nitk,n/a,n/a,n/a,n/a,nltk,n/a,,,,
yapt,n/a,n/a,n/a,n/a,yapf,n/a,,,,
emv,n/a,n/a,n/a,n/a,env,n/a,,,,
click8,n/a,n/a,n/a,n/a,n/a,click,,,,
pinjector,n/a,injector,n/a,n/a,n/a,n/a,,,,
asnible,n/a,n/a,ansible,n/a,n/a,n/a,,,,
pen,n/a,n/a,n/a,n/a,pem,n/a,,,,
wger,n/a,n/a,n/a,n/a,wget,n/a,,,,
flacon,n/a,n/a,falcon,n/a,n/a,n/a,,,,
networks,n/a,n/a,n/a,n/a,networkx,n/a,,,,
supervisorc,n/a,supervisor,n/a,n/a,n/a,n/a,,,,
termcolors,n/a,termcolor,n/a,n/a,n/a,n/a,,,,
qtdigest,n/a,tdigest,n/a,n/a,n/a,n/a,,,,
html3,n/a,n/a,n/a,n/a,n/a,html,,,,
pydor,n/a,n/a,n/a,n/a,pydot,n/a,,,,
pyik,n/a,n/a,n/a,n/a,phik,n/a,,,,
ogrtools,n/a,ortools,n/a,n/a,n/a,n/a,,,,
iselenium,n/a,selenium,n/a,n/a,n/a,n/a,,,,
otp-py,n/a,n/a,n/a,pyotp,n/a,n/a,,,,
pyxdf,n/a,n/a,n/a,n/a,pyxdg,n/a,,,,
spc,n/a,n/a,scp,n/a,n/a,n/a,,,,
epyc,n/a,n/a,n/a,n/a,rpyc,n/a,,,,
pyFtest,n/a,pytest,n/a,n/a,n/a,n/a,,,,
zconfigparser,n/a,configparser,n/a,n/a,n/a,n/a,,,,
pdfminer2,n/a,pdfminer,n/a,n/a,n/a,pdfminer,,,,
sis,n/a,n/a,n/a,n/a,six,n/a,,,,
mdparse,n/a,dparse,n/a,n/a,n/a,n/a,,,,
pyssm,n/a,n/a,n/a,n/a,pysam,n/a,,,,
luiti,n/a,n/a,n/a,n/a,luigi,n/a,,,,
py_github3,n/a,n/a,n/a,github3.py,n/a,n/a,,,,
dargparse,n/a,argparse,n/a,n/a,n/a,n/a,,,,
parsy,n/a,n/a,n/a,n/a,patsy,n/a,,,,
tdl,n/a,n/a,tld,n/a,n/a,n/a,,,,
urlparse4,n/a,n/a,n/a,n/a,urlparse3,n/a,,,,
yadl,n/a,n/a,n/a,n/a,yarl,n/a,,,,
pyvsb,n/a,n/a,n/a,n/a,pyusb,n/a,,,,
dschema,n/a,schema,n/a,n/a,n/a,n/a,,,,
Flask-Sessions,n/a,Flask-Session,n/a,n/a,n/a,n/a,,,,
rea,n/a,n/a,n/a,n/a,rsa,n/a,,,,
sms,n/a,n/a,mss,n/a,n/a,n/a,,,,
tql,n/a,n/a,n/a,n/a,gql,n/a,,,,
pepython,n/a,n/a,n/a,n/a,p4python,n/a,,,,
pyp,n/a,n/a,n/a,n/a,pip,n/a,,,,
xklearn,n/a,n/a,n/a,n/a,sklearn,n/a,,,,
pypf,n/a,n/a,n/a,n/a,pypd,n/a,,,,
acp,n/a,n/a,n/a,n/a,scp,n/a,,,,
open-url,n/a,n/a,n/a,urlopen,n/a,n/a,,,,
oml,n/a,n/a,n/a,n/a,lml,n/a,,,,
crypton,n/a,crypto,n/a,n/a,n/a,n/a,,,,
fx,n/a,n/a,n/a,n/a,fs,n/a,,,,
gastropy,n/a,astropy,n/a,n/a,n/a,n/a,,,,
rox,n/a,n/a,n/a,n/a,tox,n/a,,,,
hose,n/a,n/a,n/a,n/a,nose,n/a,,,,
Rx3,n/a,n/a,n/a,n/a,n/a,Rx,,,,
pyngrok,n/a,pygrok,n/a,n/a,n/a,n/a,,,,
pydevf,n/a,n/a,n/a,n/a,pydevd,n/a,,,,
ffs,fs,n/a,n/a,n/a,n/a,n/a,,,,
mtpy,n/a,n/a,n/a,n/a,mypy,n/a,,,,
pup-tools,n/a,n/a,n/a,n/a,pip-tools,n/a,,,,
cs,n/a,n/a,n/a,n/a,fs,n/a,,,,
databricks-pypi-1,n/a,databricks-pypi1,n/a,n/a,databricks-pypi1,databricks-pypi,,,,
rss,n/a,n/a,n/a,n/a,rsa,n/a,,,,
slib,n/a,n/a,n/a,n/a,dlib,n/a,,,,
dlint,n/a,n/a,n/a,n/a,clint,n/a,,,,
sca,n/a,n/a,n/a,n/a,scs,n/a,,,,
faastapi,fastapi,fastapi,n/a,n/a,n/a,n/a,,,,
flockfile,n/a,lockfile,n/a,n/a,n/a,n/a,,,,
pkg-info,n/a,pkginfo,n/a,pkginfo,pkginfo,n/a,,,,
spytest,n/a,pytest,n/a,n/a,n/a,n/a,,,,
django-pytest,n/a,n/a,n/a,pytest-django,n/a,n/a,,,,
tcx,n/a,n/a,n/a,n/a,tfx,n/a,,,,
eenum,enum,n/a,n/a,n/a,n/a,n/a,,,,
loggingd,n/a,logging,n/a,n/a,n/a,n/a,,,,
humpy,n/a,n/a,n/a,n/a,numpy,n/a,,,,
pydota2,n/a,pydot2,n/a,n/a,n/a,n/a,,,,
scd,n/a,n/a,n/a,n/a,scs,n/a,,,,
cprotobuf,n/a,protobuf,n/a,n/a,n/a,n/a,,,,
pwm,n/a,n/a,n/a,n/a,pem,n/a,,,,
travis-tox,n/a,n/a,n/a,tox-travis,n/a,n/a,,,,
parsl,n/a,n/a,n/a,n/a,parso,n/a,,,,
dash.py,n/a,n/a,n/a,pydash,n/a,n/a,,,,
cci,n/a,n/a,n/a,n/a,ccy,n/a,,,,
dlex,n/a,n/a,n/a,n/a,flex,n/a,,,,
falconx,n/a,falcon,n/a,n/a,n/a,n/a,,,,
requestes,n/a,requests,n/a,n/a,n/a,n/a,,,,
suds2,n/a,n/a,n/a,n/a,n/a,suds,,,,
senpy,n/a,n/a,n/a,n/a,zenpy,n/a,,,,
dpytest,n/a,pytest,n/a,n/a,n/a,n/a,,,,
fw,n/a,n/a,n/a,n/a,fs,n/a,,,,
aws-encyrption-sdk-cli,n/a,n/a,aws-encryption-sdk-cli,n/a,n/a,n/a,,,,
webapp3,n/a,n/a,n/a,n/a,webapp2,n/a,,,,
mojimoji2,n/a,mojimoji,n/a,n/a,n/a,mojimoji,,,,
pysml,n/a,n/a,n/a,n/a,pyaml,n/a,,,,
mml,n/a,n/a,n/a,n/a,mkl,n/a,,,,
opencc-python,n/a,n/a,n/a,n/a,opencv-python,n/a,,,,
ripe,n/a,n/a,n/a,n/a,rope,n/a,,,,
dix,n/a,n/a,n/a,n/a,six,n/a,,,,
Flask-PyMongol,n/a,Flask-PyMongo,n/a,n/a,n/a,n/a,,,,
sator,n/a,n/a,astor,n/a,n/a,n/a,,,,
n2,n/a,n/a,n/a,n/a,h2,n/a,,,,
fixtures2,n/a,fixtures,n/a,n/a,n/a,fixtures,,,,
ip-address,n/a,ipaddress,n/a,ipaddress,ipaddress,n/a,,,,
django-tinymce-4,n/a,n/a,n/a,n/a,n/a,django-tinymce,,,,
chardet2,n/a,chardet,n/a,n/a,n/a,chardet,,,,
eq,n/a,n/a,n/a,n/a,rq,n/a,,,,
pgpython,n/a,n/a,n/a,n/a,ptpython,n/a,,,,
openshiftx,n/a,openshift,n/a,n/a,n/a,n/a,,,,
dsa,n/a,n/a,n/a,n/a,rsa,n/a,,,,
lume,n/a,n/a,n/a,n/a,lime,n/a,,,,
jose,n/a,n/a,n/a,n/a,nose,n/a,,,,
ppx,n/a,n/a,n/a,n/a,pox,n/a,,,,
mysqlx-connector,n/a,mysql-connector,n/a,n/a,n/a,n/a,,,,
django-node,n/a,n/a,n/a,n/a,django-nose,n/a,,,,
noseenv,n/a,n/a,n/a,n/a,nodeenv,n/a,,,,
tdx,n/a,n/a,n/a,n/a,tfx,n/a,,,,
opx,n/a,n/a,pox,n/a,n/a,n/a,,,,
config_pkg,n/a,n/a,n/a,pkgconfig,n/a,n/a,,,,
gstatsd,n/a,statsd,n/a,n/a,n/a,n/a,,,,
envparser,n/a,envparse,n/a,n/a,n/a,n/a,,,,
sxs,n/a,n/a,n/a,n/a,scs,n/a,,,,
line,n/a,n/a,n/a,n/a,lime,n/a,,,,
colours,n/a,colour,n/a,n/a,n/a,n/a,,,,
urlparse2,n/a,n/a,n/a,n/a,urlparse3,n/a,,,,
itables,n/a,tables,n/a,n/a,n/a,n/a,,,,
sschema,schema,schema,n/a,n/a,n/a,n/a,,,,
KPyGithub,n/a,PyGithub,n/a,n/a,n/a,n/a,,,,
osutil,n/a,n/a,n/a,n/a,psutil,n/a,,,,
boot,n/a,n/a,boto,n/a,n/a,n/a,,,,
xunitparserx,n/a,xunitparser,n/a,n/a,n/a,n/a,,,,
progress2,n/a,progress,n/a,n/a,n/a,progress,,,,
dcos,n/a,n/a,n/a,n/a,ecos,n/a,,,,
intervalt,n/a,interval,n/a,n/a,n/a,n/a,,,,
PyTrie3,n/a,PyTrie,n/a,n/a,n/a,PyTrie,,,,
gaet,n/a,n/a,n/a,n/a,gast,n/a,,,,
yarll,yarl,n/a,n/a,n/a,n/a,n/a,,,,
pdutil,n/a,n/a,n/a,n/a,psutil,n/a,,,,
fz,n/a,n/a,n/a,n/a,fs,n/a,,,,
rash,n/a,n/a,n/a,n/a,dash,n/a,,,,
ansibel,n/a,n/a,ansible,n/a,n/a,n/a,,,,
m2rr,m2r,n/a,n/a,n/a,n/a,n/a,,,,
pyttest,pytest,pytest,n/a,n/a,n/a,n/a,,,,
phabricator3,n/a,phabricator,n/a,n/a,n/a,phabricator,,,,
iml,n/a,n/a,n/a,n/a,lml,n/a,,,,
eth-accounts,n/a,eth-account,n/a,n/a,n/a,n/a,,,,
eh,n/a,n/a,n/a,n/a,sh,n/a,,,,
notebook1,n/a,notebook,n/a,n/a,n/a,notebook,,,,
dst,n/a,n/a,n/a,n/a,ddt,n/a,,,,
pygsl,n/a,n/a,n/a,n/a,pygal,n/a,,,,
dstrace,n/a,n/a,n/a,n/a,ddtrace,n/a,,,,
pylev3,n/a,n/a,n/a,n/a,n/a,pylev,,,,
pyleap,n/a,n/a,n/a,n/a,pyldap,n/a,,,,
simpy,n/a,n/a,n/a,n/a,sympy,n/a,,,,
umsgpack,n/a,msgpack,n/a,n/a,n/a,n/a,,,,
edflib,n/a,n/a,n/a,n/a,rdflib,n/a,,,,
configparser2,n/a,configparser,n/a,n/a,n/a,configparser,,,,
adao,n/a,n/a,n/a,n/a,adal,n/a,,,,
polylines,n/a,polyline,n/a,n/a,n/a,n/a,,,,
opencvz-contrib-python,n/a,opencv-contrib-python,n/a,n/a,n/a,n/a,,,,
cimageio,n/a,imageio,n/a,n/a,n/a,n/a,,,,
rask,n/a,n/a,n/a,n/a,dask,n/a,,,,
sqlparser,n/a,sqlparse,n/a,n/a,n/a,n/a,,,,
rip,n/a,n/a,n/a,n/a,rlp,n/a,,,,
sputil,n/a,n/a,psutil,n/a,n/a,n/a,,,,
yfx,n/a,n/a,n/a,n/a,tfx,n/a,,,,
lip,n/a,n/a,n/a,n/a,pip,n/a,,,,
pystaches,n/a,pystache,n/a,n/a,n/a,n/a,,,,
pykd,n/a,n/a,n/a,n/a,pyod,n/a,,,,
rparse,n/a,n/a,n/a,n/a,dparse,n/a,,,,
tlx,n/a,n/a,n/a,n/a,tox,n/a,,,,
pycot,n/a,n/a,n/a,n/a,pydot,n/a,,,,
humansize,n/a,humanize,n/a,n/a,n/a,n/a,,,,
dockerd,n/a,docker,n/a,n/a,n/a,n/a,,,,
eprogress,n/a,progress,n/a,n/a,n/a,n/a,,,,
csemver,n/a,semver,n/a,n/a,n/a,n/a,,,,
django-jsonfield2,n/a,django-jsonfield,n/a,n/a,n/a,django-jsonfield,,,,
simple_json,n/a,simplejson,n/a,simplejson,simplejson,n/a,,,,
yuid,n/a,n/a,n/a,n/a,uuid,n/a,,,,
mixpanel3,n/a,mixpanel,n/a,n/a,n/a,mixpanel,,,,
django-nose2,n/a,django-nose,n/a,n/a,n/a,django-nose,,,,
webassets2,n/a,webassets,n/a,n/a,n/a,webassets,,,,
django-des,n/a,n/a,n/a,n/a,django-ses,n/a,,,,
parseli,n/a,parsel,n/a,n/a,n/a,n/a,,,,
murmurhash3,n/a,murmurhash,n/a,n/a,n/a,murmurhash,,,,
kalpa,n/a,n/a,n/a,n/a,kappa,n/a,,,,
s3ts,n/a,n/a,n/a,n/a,s3fs,n/a,,,,
dnspython3,n/a,dnspython,n/a,n/a,n/a,dnspython,,,,
lback,n/a,n/a,black,n/a,n/a,n/a,,,,
bupper,n/a,n/a,n/a,n/a,hupper,n/a,,,,
namedparser,n/a,nameparser,n/a,n/a,n/a,n/a,,,,
hcloud,n/a,n/a,n/a,n/a,gcloud,n/a,,,,
bigarray,n/a,n/a,n/a,n/a,bitarray,n/a,,,,
qrcodes,n/a,qrcode,n/a,n/a,n/a,n/a,,,,
fpdf2,n/a,n/a,n/a,n/a,n/a,fpdf,,,,
ostestr,n/a,stestr,n/a,n/a,n/a,n/a,,,,
dotenv-python,n/a,n/a,n/a,python-dotenv,n/a,n/a,,,,
parselx,n/a,parsel,n/a,n/a,n/a,n/a,,,,
schemas,n/a,schema,n/a,n/a,n/a,n/a,,,,
mechanize3,n/a,mechanize,n/a,n/a,n/a,mechanize,,,,
matiplotlib,n/a,matplotlib,n/a,n/a,n/a,n/a,,,,
pylana,n/a,n/a,n/a,n/a,pylama,n/a,,,,
speaklater3,n/a,speaklater,n/a,n/a,n/a,speaklater,,,,
pyval,n/a,n/a,n/a,n/a,pygal,n/a,,,,
igoogle,n/a,google,n/a,n/a,n/a,n/a,,,,
pyhs3,n/a,n/a,n/a,n/a,pyhs2,n/a,,,,
ggeocoder,geocoder,geocoder,n/a,n/a,n/a,n/a,,,,
functoolz,n/a,n/a,n/a,n/a,functools,n/a,,,,
cparse,n/a,n/a,n/a,n/a,dparse,n/a,,,,
ptipython,n/a,ptpython,n/a,n/a,n/a,n/a,,,,
pyads,n/a,n/a,n/a,n/a,pyaes,n/a,,,,
pyrest,n/a,n/a,n/a,n/a,pytest,n/a,,,,
strpipe,n/a,stripe,n/a,n/a,n/a,n/a,,,,
colorlogs,n/a,colorlog,n/a,n/a,n/a,n/a,,,,
xmake,n/a,n/a,n/a,n/a,cmake,n/a,,,,
parsely,n/a,parsel,n/a,n/a,n/a,n/a,,,,
drequests,n/a,requests,n/a,n/a,n/a,n/a,,,,
julpyter,n/a,jupyter,n/a,n/a,n/a,n/a,,,,
astro-py,n/a,astropy,n/a,astropy,astropy,n/a,,,,
xlocale,n/a,xlocal,n/a,n/a,n/a,n/a,,,,
hrpy,n/a,n/a,n/a,n/a,h5py,n/a,,,,
mpi4pyd,n/a,mpi4py,n/a,n/a,n/a,n/a,,,,
pytest-mypyd,n/a,pytest-mypy,n/a,n/a,n/a,n/a,,,,
imolecule,n/a,molecule,n/a,n/a,n/a,n/a,,,,
p4x,n/a,n/a,n/a,n/a,pex,n/a,,,,
django-environs,n/a,django-environ,n/a,n/a,n/a,n/a,,,,
env2,n/a,n/a,n/a,n/a,n/a,env,,,,
flake8-pytest,n/a,n/a,n/a,pytest-flake8,n/a,n/a,,,,
sasl3,n/a,n/a,n/a,n/a,n/a,sasl,,,,
flick,n/a,n/a,n/a,n/a,click,n/a,,,,
